mean_fit_time,std_fit_time,mean_score_time,std_score_time,param_mod__subsample,param_mod__n_estimators,param_mod__max_depth,param_mod__learning_rate,param_mod__gamma,params,split0_test_roc_auc,split1_test_roc_auc,split2_test_roc_auc,split3_test_roc_auc,split4_test_roc_auc,mean_test_roc_auc,std_test_roc_auc,rank_test_roc_auc,split0_train_roc_auc,split1_train_roc_auc,split2_train_roc_auc,split3_train_roc_auc,split4_train_roc_auc,mean_train_roc_auc,std_train_roc_auc,split0_test_accuracy,split1_test_accuracy,split2_test_accuracy,split3_test_accuracy,split4_test_accuracy,mean_test_accuracy,std_test_accuracy,rank_test_accuracy,split0_train_accuracy,split1_train_accuracy,split2_train_accuracy,split3_train_accuracy,split4_train_accuracy,mean_train_accuracy,std_train_accuracy,split0_test_pr_auc,split1_test_pr_auc,split2_test_pr_auc,split3_test_pr_auc,split4_test_pr_auc,mean_test_pr_auc,std_test_pr_auc,rank_test_pr_auc,split0_train_pr_auc,split1_train_pr_auc,split2_train_pr_auc,split3_train_pr_auc,split4_train_pr_auc,mean_train_pr_auc,std_train_pr_auc,split0_test_recall,split1_test_recall,split2_test_recall,split3_test_recall,split4_test_recall,mean_test_recall,std_test_recall,rank_test_recall,split0_train_recall,split1_train_recall,split2_train_recall,split3_train_recall,split4_train_recall,mean_train_recall,std_train_recall,split0_test_f1,split1_test_f1,split2_test_f1,split3_test_f1,split4_test_f1,mean_test_f1,std_test_f1,rank_test_f1,split0_train_f1,split1_train_f1,split2_train_f1,split3_train_f1,split4_train_f1,mean_train_f1,std_train_f1
179.83820247650146,0.6841200703892346,15.913636445999146,0.1814462405934916,0.6,300,11,0.1,1.0,"{'mod__subsample': 0.6, 'mod__n_estimators': 300, 'mod__max_depth': 11, 'mod__learning_rate': 0.1, 'mod__gamma': 1}",0.91450876390308,0.9155428240292882,0.914428139327011,0.9145451408643722,0.9153871296147928,0.9148823995477088,0.00047971080851272736,1,0.9371428493768218,0.9373051723324523,0.9375501027295092,0.9374953907729212,0.9375305475701989,0.9374048125563806,0.00015727417021772568,0.8121038484719513,0.81361436904075,0.8121661534594357,0.8127545803031255,0.8128317042098228,0.812694131097017,0.0005471037020917793,7,0.8251436789817359,0.8255801248977931,0.8256501076520429,0.8253458969039772,0.8260364410198915,0.8255512498910882,0.00030143024063563,0.6235780712499894,0.6272874834745951,0.6222291829263259,0.6220845216492238,0.6270431714233308,0.6244444861446931,0.0022831326958451643,1,0.6771205225930675,0.677640392810715,0.6783109973749483,0.6787819267824228,0.6771073263638482,0.6777922331850004,0.0006621114217093475,0.8502859678532689,0.8499408342372547,0.8497929198303915,0.8506311014692831,0.8507543634750024,0.8502810373730402,0.00037432704656545135,18,0.9071035893896066,0.906826249876738,0.9069310225815994,0.9069618380830293,0.907214525194754,0.9070074450251455,0.0001362923331048835,0.5118802036182306,0.5137960582690659,0.511818856718634,0.5128490955841917,0.5129882195547958,0.5126664867489836,0.0007415534551291747,7,0.5459056979924892,0.5464491833233059,0.5465772759350741,0.5461536177666934,0.5472044251883326,0.546458040041179,0.000440259261728752
82.47293033599854,4.311827828955165,10.702187299728394,2.5683120048405224,1.0,500,7,0.2,0.5,"{'mod__subsample': 1.0, 'mod__n_estimators': 500, 'mod__max_depth': 7, 'mod__learning_rate': 0.2, 'mod__gamma': 0.5}",0.9139326039571144,0.9152960425201179,0.9140613347242015,0.9141288008024762,0.9148778378098628,0.9144593239627545,0.0005329778123493505,2,0.9321410466046779,0.9321429710463423,0.932555131942775,0.9324217921929333,0.9321701397256528,0.9322862163024762,0.00017074171131935137,0.811612542025268,0.8123946687385385,0.8112749438709346,0.8114891769450935,0.8119005044474786,0.8117343672054627,0.0003872025662066934,8,0.8222129705272418,0.8219295959210052,0.8223801991652058,0.8216768010740211,0.821893890434143,0.8220186914243234,0.0002485294847860324,0.6179407201927599,0.6225839243673925,0.6190920417729477,0.6171246267099134,0.6223086350391271,0.6198099896164282,0.0022431555530050416,6,0.6583272064673612,0.6587096791804478,0.6602687836444086,0.6596229616269158,0.6579931709488991,0.6589843603736064,0.0008422959324758052,0.8519623311310521,0.8532196035893896,0.8509515826841534,0.8532196035893896,0.8523814219504979,0.8523469085888966,0.0008507900447736457,17,0.8964290996943102,0.896293511488019,0.8972118134306282,0.8980253426683759,0.8972241396312001,0.8970367813825068,0.0006268524415464212,0.5117198489672022,0.513128437782621,0.5109765665477477,0.5119254520578338,0.5122256542447204,0.5119951919200251,0.0007008044102728749,8,0.5388421179368916,0.53840856839276,0.5392926271335562,0.5385357416092872,0.538616645392826,0.5387391400930642,0.00031067857478209865
136.64131684303283,1.1781240198708107,15.596762037277221,0.22712887259772782,0.7,400,9,0.2,0.0,"{'mod__subsample': 0.7, 'mod__n_estimators': 400, 'mod__max_depth': 9, 'mod__learning_rate': 0.2, 'mod__gamma': 0}",0.913347651762383,0.9148259004457054,0.9136190337059551,0.9138846604968408,0.9146722122913744,0.9140698917404517,0.0005819885523416711,3,0.9394180761341628,0.9394401417961677,0.939652909364675,0.9393826809907928,0.9393511589242819,0.939448993442016,0.0001063812663211854,0.8173825363409667,0.8179533029027153,0.8180190010454574,0.8175305496363751,0.8181503973309415,0.8178071574512913,0.000296939316005641,6,0.8328967739355473,0.8325248420924843,0.833339641302679,0.8322663343676022,0.8328190553042286,0.8327693294005083,0.0003624219882078542,0.6191117436908249,0.6250873280836247,0.6197534924856984,0.619780292710265,0.624697294859032,0.6216860303658891,0.0026317306309037386,2,0.6822088253448236,0.6822086658890861,0.6831009034077387,0.683958866552205,0.6814855401243677,0.6825925602636442,0.0008538532185114534,0.8377872004733261,0.8425944186963811,0.8389458633270881,0.8426190710975249,0.8421506754757914,0.8408194458140222,0.002042849747192624,21,0.9068385760773099,0.9080157282319298,0.9068570653781678,0.9066721723695887,0.9069741642836012,0.9070715412681194,0.0004818172899256192,0.5152994692949204,0.5175107880990234,0.5165172913615287,0.5169388989715669,0.5176497329241959,0.516783236130247,0.0008457742160867279,6,0.557050968990047,0.5568222833224675,0.5577105301060515,0.5560761352532834,0.5569729484231741,0.5569265732190047,0.0005227493633134556
237.48412075042725,1.5273856063652649,18.663768768310547,0.16903265579984078,0.6,300,11,0.05,0.1,"{'mod__subsample': 0.6, 'mod__n_estimators': 300, 'mod__max_depth': 11, 'mod__learning_rate': 0.05, 'mod__gamma': 0.1}",0.913679934905217,0.9148039367971672,0.913799388287146,0.9134721691220431,0.9145686278752255,0.9140648113973597,0.0005234389378221136,4,0.9302059737087052,0.9300060837343205,0.9303189615418225,0.93026686417222,0.9301937686581074,0.9301983303630351,0.00010610066958699873,0.802394833284298,0.8039824500265649,0.8032426318104694,0.8032683397793685,0.8027056209045778,0.8031187751610558,0.0005437706499134942,11,0.8112449512405523,0.8121819980076338,0.8124883510849112,0.8118799295887799,0.811575004730977,0.811874046930571,0.00043759014840591605,0.6190475264392287,0.6225460371605217,0.6182531756290405,0.6170066359013026,0.622504911887936,0.6198716574036058,0.002262448212585291,4,0.656039118702121,0.6543185252964919,0.6560189044919782,0.6558095962747017,0.6554521027844658,0.6555276495099517,0.0006403303586998626,0.8609358051474214,0.862932649640075,0.860812543141702,0.8609358051474214,0.8634503500640962,0.8618134306281432,0.0011379266378646069,9,0.9010021201064984,0.9001701015678927,0.900687801991914,0.9014150478256582,0.900872695000493,0.9008295532984913,0.0004072872128917419,0.5023988491278547,0.5049952752270416,0.5034386308914488,0.5035070898723318,0.5035221391604371,0.5035723968558228,0.00082782622577016,11,0.5252053140964383,0.52621566995601,0.5267659701008354,0.5261595854325816,0.5256057130117726,0.5259904505195276,0.0005376287170733938
98.15790929794312,1.9427357382589436,13.540831661224365,0.12265435039896416,1.0,400,7,0.1,1.0,"{'mod__subsample': 1.0, 'mod__n_estimators': 400, 'mod__max_depth': 7, 'mod__learning_rate': 0.1, 'mod__gamma': 1}",0.913010816467815,0.9140018478897408,0.9131027881481002,0.91305596027806,0.9140167626473892,0.9134376350862212,0.00046769585927863177,5,0.9233324085680225,0.9231566936490757,0.9234118233981996,0.9235381684225465,0.92321327439663,0.923330473686895,0.0001368895888625361,0.8020634870760697,0.8035397016733031,0.8025056700353628,0.8029712699165348,0.8023828430728449,0.802692594354823,0.0005141815640007202,12,0.808247830533069,0.8085821708221902,0.8085100457387286,0.8081372804558876,0.8077559458561997,0.8082466546812149,0.00029485765541172173,0.6135792237840669,0.6165975695021668,0.6136868065891491,0.6128691945755791,0.6179467838753765,0.6149359156652677,0.0019747730633896616,10,0.6351086230656784,0.6341331311704513,0.6356117837450331,0.6357266655775533,0.6339882451678077,0.6349136897453047,0.0007282833638721605,0.861773986786313,0.8625875160240607,0.8603441475199685,0.8618479439897446,0.8644117937087072,0.8621930776057589,0.0013260150528031473,7,0.886124396016172,0.8856190217927226,0.8862661473227492,0.8867160536436249,0.8866236071393354,0.8862698451829207,0.0003921708127123052,0.5022232757939501,0.5043312817999683,0.5023679626883933,0.5033946017552575,0.5033916919697655,0.503141762801467,0.0007724936985485448,12,0.517119032076493,0.5174121650208392,0.5175004858247144,0.5171416042442454,0.5166197425879109,0.5171586059508405,0.0003077021038616695
158.37422046661376,2.047993038072296,18.980689191818236,0.1714997370113454,0.6,500,9,0.2,0.1,"{'mod__subsample': 0.6, 'mod__n_estimators': 500, 'mod__max_depth': 9, 'mod__learning_rate': 0.2, 'mod__gamma': 0.1}",0.913048982199531,0.9142914508415938,0.9128906494024996,0.9128513010729737,0.9137870204711814,0.913373880797556,0.0005700491951314454,6,0.9408200139572206,0.9412676096216572,0.9408086857527349,0.9408850033410072,0.9412796521956361,0.9410121929736512,0.00021508010855346234,0.8192763513069609,0.8211096701953234,0.8198928263341008,0.8202927280725307,0.8208297389784225,0.8202802629774675,0.0006554298409524334,5,0.8360352884719755,0.8370273039858035,0.8367837925654035,0.8362989120538153,0.8373936422810093,0.8367077878716014,0.0004894279126667068,0.6183484232997128,0.6241363766473937,0.6191640046584899,0.6165932315654025,0.6224551454413589,0.6201394363224716,0.002759449345146095,3,0.6865835493978142,0.6884066830811657,0.6872504349968566,0.6877367492974288,0.6875093481965411,0.6874973529939613,0.0005967145367962154,0.8360122275909674,0.8353466127600828,0.8344591263189035,0.8364066660092693,0.8350754363475003,0.8354600138053447,0.000687550120193449,22,0.9076890839167735,0.9072638299970417,0.9071097524898926,0.9072699930973277,0.9083115570456562,0.9075288433093384,0.00043616291639433447,0.5173731625639812,0.5197205457180764,0.5177627704568225,0.5188997392348339,0.5192491933196907,0.518601082258681,0.000891402919839961,4,0.5619549643908479,0.5633327975876136,0.5629236968066288,0.5622371853385225,0.5641700943416089,0.5629237476930443,0.0007912788055402277
82.53671627044677,0.9384965896212556,10.75278444290161,0.06390459186653091,0.6,300,7,0.2,0.25,"{'mod__subsample': 0.6, 'mod__n_estimators': 300, 'mod__max_depth': 7, 'mod__learning_rate': 0.2, 'mod__gamma': 0.25}",0.912821784274228,0.9139135124287292,0.9128825555072833,0.912662495819242,0.9139337495362596,0.9132428195131483,0.0005605443247220862,7,0.9257300811666151,0.9253719427819294,0.9256371902876465,0.925548726900886,0.9255003209007535,0.925557652407566,0.00012158337280394091,0.8074678579895854,0.8081557103111807,0.807724387721874,0.8076244122872666,0.8073301988654217,0.8076605134350657,0.00028171865365789455,9,0.8145034362985095,0.8145292767139526,0.8149570284465614,0.814462864508389,0.8143321824264734,0.8145569576787771,0.00021121781740976372,0.6117957125835067,0.6159401780289013,0.61263784153255,0.6105799094475193,0.6175829982602835,0.613707327970552,0.00263002892854983,13,0.6396850973018819,0.6392679157698008,0.6399275735359974,0.6396968966458266,0.6395114543353909,0.6396177875177795,0.0002193049128360522,0.8557094961049206,0.8568435065575387,0.8553643624889065,0.8555369292969135,0.8578789074055813,0.8562666403707719,0.0009580368416041167,15,0.8857484468987279,0.8854341287841436,0.8859579923084508,0.8854033132827137,0.8865188344344739,0.8858125431417021,0.0004086019290729289,0.5073780376393203,0.5086042904387017,0.5076111684112737,0.507531662230542,0.5078329648519873,0.507791624714365,0.0004320494937979001,9,0.525289887517247,0.5252359443348682,0.5259591532083977,0.5251379902767116,0.5252763906259985,0.5253798731926447,0.00029448064831102304
54.624934673309326,0.5778473028194903,7.829008102416992,0.17725638094844995,0.9,200,7,0.3,0.5,"{'mod__subsample': 0.9, 'mod__n_estimators': 200, 'mod__max_depth': 7, 'mod__learning_rate': 0.3, 'mod__gamma': 0.5}",0.9127318015326116,0.9139915512061653,0.9131309604548278,0.9128527631869883,0.9134579836890866,0.9132330120139359,0.00045435880061222444,8,0.9263060155354563,0.9263359326244577,0.9263500006667497,0.926545300372438,0.9264593625426755,0.9263993223483554,8.952257274528773e-05,0.8064252600067983,0.8073730454802535,0.806633227264158,0.8072416491947693,0.8062304690847392,0.8067807302061436,0.00045037477288716667,10,0.8143677553515422,0.8141450856753157,0.814412876826782,0.8145014264342001,0.8141586537603234,0.8143171596096327,0.0001417106351202421,0.612011379346586,0.6156266464211977,0.6136188215111859,0.6119816203701318,0.6174486358879997,0.6141374207074202,0.002126894980352416,11,0.6408030446810666,0.6406634260002348,0.6419724291634412,0.6419786748940896,0.6413136071926994,0.6413462363863063,0.0005575747082690719,0.8555369292969135,0.8574844689872794,0.8563751109358051,0.8577063405975742,0.8565476777438122,0.8567301055122769,0.0007880443788421567,14,0.8891566413568681,0.8893415343654472,0.8889717483482891,0.8902290208066266,0.8899948229957598,0.8895387535745982,0.00048803037991286064,0.5059777220505045,0.5077736091443921,0.5064918969753082,0.5076678388513562,0.5060221662321774,0.5067866466507478,0.0007843801818890788,10,0.5260651496560563,0.5258179181325758,0.5260737315087678,0.5265450595277152,0.5260192038699149,0.526104212539006,0.0002391618826053089
96.05496025085449,1.0604984771850212,10.124939966201783,0.27312329254631823,0.6,200,9,0.1,0.0,"{'mod__subsample': 0.6, 'mod__n_estimators': 200, 'mod__max_depth': 9, 'mod__learning_rate': 0.1, 'mod__gamma': 0}",0.9126641739900572,0.9138325350072141,0.9128573426722423,0.9126283737060499,0.9138669002419113,0.9131698651234949,0.0005606417913847034,9,0.9241354863413076,0.9242490887251243,0.9246236847908478,0.9242775500068595,0.9246330308413803,0.9243837681411039,0.00020530785752836335,0.7997269250214947,0.8021971744085739,0.8010545980130597,0.8001319675736819,0.800917488845598,0.8008056307724816,0.0008518590034953633,15,0.8062511782819078,0.8074638749736672,0.8076452588469271,0.806391996258065,0.8077123851622279,0.807092938704559,0.0006365918773849936,0.6139089666474604,0.6185866441731155,0.6143032715523082,0.6132316350849106,0.6198782049628534,0.6159817444841297,0.002707201052845973,9,0.6385033551133616,0.639095253703632,0.6406382743283789,0.6392513061226819,0.6392786640167405,0.639353370656959,0.0007008746652619603,0.8635736120698156,0.8641406172961247,0.8614781579725865,0.8635243072675278,0.8641159648949808,0.863366531900207,0.000979243521043027,4,0.8902351839069126,0.889002563849719,0.8892305985602997,0.8907713736317917,0.8907590474312198,0.8899997534759885,0.0007501118447492211,0.4998109479000949,0.5030784907501759,0.500867147300377,0.5003035128939419,0.5014592274678111,0.5011038652624802,0.0011308105700778962,14,0.5156879510609471,0.5169097792725077,0.5172091789457082,0.5160197363723348,0.517725148702114,0.5167103588707223,0.0007537460488150311
93.84302501678467,0.43404566089604674,10.266317892074586,0.13654853475923287,0.6,200,9,0.1,0.1,"{'mod__subsample': 0.6, 'mod__n_estimators': 200, 'mod__max_depth': 9, 'mod__learning_rate': 0.1, 'mod__gamma': 0.1}",0.9127147883787272,0.9139128717906206,0.9127974107721075,0.9126247378348931,0.9137530713107653,0.9131605760174226,0.0005540284785243176,10,0.9243066238223558,0.9242853635319681,0.9247034700411451,0.9242075822155291,0.9246167092776113,0.9244239497777219,0.00019752177183576472,0.8000525583640637,0.8021714664396749,0.8019286689556281,0.8002148043623567,0.8000805516358838,0.8008896099515214,0.0009521967203862846,14,0.8067539118959342,0.8080508731776812,0.808026593446615,0.8063020184311723,0.8071053918855711,0.8072477577673947,0.0006942843882171861,0.6140907389930121,0.6188843811684811,0.6146916605550748,0.613398884173323,0.6196117339106245,0.6161354797601032,0.002584389133973303,8,0.6389125602322994,0.6390224383158023,0.6407961371082613,0.6393775713224414,0.6396217978393738,0.6395461009636356,0.000674139310057818,0.8631791736515136,0.8636722216743911,0.8617246819840253,0.8625875160240607,0.8635736120698156,0.8629474410807614,0.0007205252050934331,5,0.8905988068237847,0.8889039542451435,0.8894463070703087,0.8900626170989054,0.8909624297406568,0.8899948229957598,0.0007478662539855278,0.5001035514579331,0.5029104611519828,0.502039468014822,0.5001357899401095,0.5002534827096231,0.5010885506548941,0.001166097470684508,15,0.5164388041192164,0.5176445253968112,0.5177652408671396,0.5157048993001,0.5169951738677185,0.5169097287101971,0.0007684415363714486
56.14866666793823,0.9991810926114225,9.85088391304016,0.09860295105854265,1.0,400,5,0.2,0.75,"{'mod__subsample': 1.0, 'mod__n_estimators': 400, 'mod__max_depth': 5, 'mod__learning_rate': 0.2, 'mod__gamma': 0.75}",0.9121785772886938,0.9133542655461541,0.9121497074452065,0.9121292500349463,0.913178461737587,0.9125980524105175,0.0005487224337583624,11,0.9191445426628696,0.9191010813304336,0.9191386050858873,0.9192508724531018,0.9189759871811494,0.9191222177426883,8.848627762629894e-05,0.8016807250769095,0.8032711962203573,0.8023828430728449,0.8027056209045778,0.8022400210234056,0.8024560812596191,0.000525339033647016,13,0.8054549453562839,0.8064498391467817,0.8057435846166481,0.80633629569856,0.8060170886460122,0.8060003506928572,0.0003683951343865339,0.6060234207419501,0.6094727665008312,0.6046414332452075,0.6049593383287366,0.609882884510491,0.6069959686654433,0.0022408195041457215,17,0.6199977170682024,0.6199938751221329,0.6203945826586067,0.6207112421412375,0.6189639424734079,0.6200122718927175,0.0005889424055891211,0.8628340400354995,0.862538211221773,0.8620698156000395,0.8596785326890839,0.8634503500640962,0.8621141899220983,0.001297512806148664,8,0.8782787693521349,0.8765284488709201,0.877699437925254,0.8774036091115275,0.8778658416329751,0.8775552213785623,0.0005861830920143437,0.5020476371486563,0.5039755704079281,0.5027134652568628,0.502427709020704,0.502932877666334,0.5028194519000969,0.0006495951156276691,13,0.5112854790274145,0.5120679195147989,0.511491424979797,0.5121707283729431,0.5118908361050167,0.511781277599994,0.00033931381460335075
178.4322389125824,1.2573470107897173,13.47371735572815,0.20660023047487638,0.8,200,11,0.05,0.25,"{'mod__subsample': 0.8, 'mod__n_estimators': 200, 'mod__max_depth': 11, 'mod__learning_rate': 0.05, 'mod__gamma': 0.25}",0.9120934453729141,0.9130374323087366,0.9122137093307534,0.9120391010985704,0.9130809198764668,0.9124929215974882,0.00046598877237097845,12,0.9263420457567189,0.9261086967595233,0.9265411914580498,0.9264648112277103,0.926098082239492,0.9263109654882988,0.00018103613342695628,0.7960849731638135,0.7965899807475877,0.7967927880577915,0.7966499660083523,0.7958901527053353,0.796401572136576,0.00034986624914578755,17,0.8039403175219804,0.8039833041143433,0.8046124347928546,0.8040147249427819,0.8033677415208396,0.8039837045785599,0.000394349345350019,0.613007631440996,0.6161088142569885,0.6119362409299011,0.6113644288834204,0.6170796125150564,0.6138993456052725,0.002283444163729175,12,0.6426688535900708,0.6415911668113703,0.6434003456874124,0.6429024200814535,0.6418563667228911,0.6424838305786397,0.0006693295336230237,0.8657923281727641,0.8673700818459718,0.8666305098116557,0.8669756434276699,0.8700818459717976,0.8673700818459718,0.0014522754413134771,1,0.900120796765605,0.9000468395621734,0.9010452618085002,0.9010945666107879,0.900502908983335,0.9005620747460803,0.0004428795460481338,0.49594712909876576,0.49702286356027375,0.4970589898761382,0.49698288653674944,0.4969446087127932,0.49679129555694407,0.0004238190710922379,17,0.5154848398749847,0.5155189059722857,0.51659864666702,0.5158495086114282,0.5148623006217659,0.5156628403494968,0.0005663644821974838
121.82291536331176,0.9973974067332901,14.928844499588013,0.09259608335402891,0.8,400,9,0.3,0.75,"{'mod__subsample': 0.8, 'mod__n_estimators': 400, 'mod__max_depth': 9, 'mod__learning_rate': 0.3, 'mod__gamma': 0.75}",0.9119705195547649,0.9126663142406003,0.912163411772364,0.9123471683023989,0.9132081553756395,0.9124711138491536,0.00043404403435158394,13,0.9438893724353279,0.9440731329799027,0.9443247210479129,0.944356748240757,0.9443064845404502,0.94419009184887,0.0001808635814951254,0.8215757797347516,0.8217495129768114,0.8217752209457104,0.821875196380318,0.8223493655844564,0.8218650151244095,0.00026067599712211977,3,0.8409269436652708,0.8410970153783532,0.8414126518822147,0.8414212211990617,0.841366234749294,0.8412448133748389,0.00019845303484997208,0.6167300878072958,0.6193075133297404,0.6169406598624032,0.6151857888501464,0.6222262660323218,0.6180780631763815,0.002457442137106577,7,0.6949554823817591,0.6953867875081373,0.696065422845122,0.6977286000080133,0.6957124199427449,0.6959697425371553,0.0009526289382966875,0.8303421753278769,0.8271866679814613,0.8289123360615324,0.8305886993393157,0.8309091805541859,0.8295878118528744,0.0013812034385746353,23,0.9144993097327679,0.9141356868158959,0.9146472241396312,0.9136179863918745,0.9151957400650823,0.9144191894290504,0.0005260703415065921,0.5188711217919093,0.5181644802372,0.5187207849308094,0.5193652066007415,0.5201268489155344,0.5190496884952388,0.0006608303153282028,3,0.5712278378435603,0.571392249507384,0.572016088157243,0.57175365686681,0.5720912134439278,0.5716962091637849,0.00033864859565575805
137.5194685459137,1.5456373599056978,13.912377262115479,0.22388581988119796,0.9,300,11,0.3,0.1,"{'mod__subsample': 0.9, 'mod__n_estimators': 300, 'mod__max_depth': 11, 'mod__learning_rate': 0.3, 'mod__gamma': 0.1}",0.9119208846180356,0.9132288506507237,0.9118920245350071,0.9123383540427424,0.9125791172492997,0.9123918462191616,0.000491962359496721,14,0.9521646547702847,0.9514097845494931,0.9525619519600229,0.9525748843709342,0.9528532085101692,0.9523128968321808,0.0005020338914045039,0.8255148006067063,0.8269139582845358,0.825925629702416,0.8262027044783282,0.8266825865644442,0.8262479359272861,0.0005051577063818443,1,0.8510637386242238,0.8503340248295955,0.8516058542716259,0.8514580335560166,0.8526505968172129,0.851422449619735,0.0007558559550099641,0.6185152773852081,0.6224895915269658,0.6180638149801694,0.6179744548954772,0.6220264221501287,0.6198139121875899,0.0020093459620673403,5,0.7231196401986044,0.720541591650018,0.7249251358115031,0.7248797440576232,0.7250883697363502,0.7237108962908196,0.0017396603968293162,0.8196183808302929,0.8218617493343852,0.8202346908588897,0.8229957597870032,0.8182131939650922,0.8205847549551327,0.001680736998704182,25,0.9299810176511192,0.9288408440982152,0.9304370870722808,0.9306219800808598,0.9310287446997337,0.9301819347204419,0.0007502961426892848,0.521198629868552,0.5238899670781246,0.5219751343295289,0.5232109832931072,0.5224467951139655,0.5225443019366557,0.0009380374581382778,1,0.591336959588676,0.5898583964117697,0.5923361079450152,0.5921436526485859,0.5941943477491297,0.5919738928686353,0.0014121931371372453
91.55943641662597,0.7174133199145172,7.66115140914917,0.12437601136756254,0.9,100,11,0.1,0.75,"{'mod__subsample': 0.9, 'mod__n_estimators': 100, 'mod__max_depth': 11, 'mod__learning_rate': 0.1, 'mod__gamma': 0.75}",0.9118303072361924,0.9129388503017373,0.9118349515526197,0.9117291177548013,0.9127854857917097,0.912223742527412,0.0005248881861923515,15,0.926530764155741,0.9263522301722817,0.9266515492228719,0.9266512938434506,0.9263958519940669,0.9265163378776824,0.00012502121834748997,0.796324913521496,0.7969784567220626,0.7960358311957634,0.7957758950657838,0.7961043857794942,0.7962438964569201,0.0004069206880954148,18,0.8043137971812641,0.8044181969443245,0.8041139861962587,0.8035919719783339,0.8040832794775573,0.8041042463555478,0.00028475815450000646,0.6117199973403327,0.6157765079877554,0.6108654378693265,0.6105914727341177,0.6156095394864678,0.6129125910836001,0.0023011413356477,16,0.6428313439283275,0.6419701689186462,0.6429112888659868,0.6432355310772766,0.6417419520492479,0.642538056967897,0.0005775931616881086,0.8654718469578937,0.8662360713933537,0.8664332906025047,0.8667291194162311,0.8657676757716202,0.8661276008283206,0.0004531215947495443,2,0.9007679222956316,0.9002872004733261,0.9018587910462479,0.9018772803471058,0.9005398875850508,0.9010662163494724,0.0006721408341007333,0.4961488997865996,0.4971737023438108,0.49607260563032385,0.4958395622373283,0.49596452453413736,0.49623985890644,0.0004784051055846872,18,0.5161405379826182,0.5161403161636362,0.5161877482485907,0.5155282019485334,0.5157831012712963,0.5159559811229348,0.0002587041195556886
123.83484501838684,1.427246426384981,15.168033552169799,0.3105036496484933,0.6,400,9,0.3,0.1,"{'mod__subsample': 0.6, 'mod__n_estimators': 400, 'mod__max_depth': 9, 'mod__learning_rate': 0.3, 'mod__gamma': 0.1}",0.910342811005129,0.9118842669479166,0.9107021714023403,0.9107734159591607,0.9116533823196635,0.9110712095268421,0.0005925237688713831,16,0.9423943214901191,0.9421889734516501,0.9426030831167005,0.9420874782823747,0.9415721199095379,0.9421691952500766,0.00034713349222060587,0.8212330077952051,0.8218094982375759,0.8221151374233759,0.8212010763069646,0.8210468284935701,0.8214811096513384,0.00040948836570931483,4,0.8402628211353782,0.8396723664525527,0.8408420782021573,0.8397823393520882,0.8394866979208695,0.8400092606126093,0.0004890686611351005,0.6106456676531383,0.6166955942896929,0.612960000396047,0.611617057152947,0.6162099439250412,0.6136256526833733,0.0024273838773819652,14,0.6905112897701331,0.6893794199166501,0.6913588527574874,0.6898035940914921,0.6868962027478908,0.6895898718567307,0.0015049335453111911,0.8255103047036781,0.8295779508924169,0.8252637806922394,0.8263977911448576,0.8270880583768859,0.8267675771620157,0.0015478881270366775,24,0.9083053939453702,0.9095565033034217,0.9097229070111429,0.9090264766788285,0.9080034020313579,0.9089229365940241,0.000675127058786369,0.5169347618018463,0.51896918663829,0.5180960635161382,0.5171591882072525,0.5171523479949749,0.5176623096317003,0.0007666273965901654,5,0.5685408039070833,0.5679731217142989,0.5698138554542437,0.5679984596129778,0.5672696329837207,0.5683191747344648,0.0008493925726901118
135.4067316532135,1.1721694171626027,14.42878246307373,0.25311770250974136,0.6,300,11,0.3,1.0,"{'mod__subsample': 0.6, 'mod__n_estimators': 300, 'mod__max_depth': 11, 'mod__learning_rate': 0.3, 'mod__gamma': 1}",0.9103208269982419,0.9113020253904698,0.9096639522961827,0.9105941212762266,0.9110978387689873,0.9105957529460216,0.0005821941823067405,17,0.9487957833712707,0.9478544058125256,0.9494363876659575,0.9483830867327988,0.9482598633880467,0.9485459053941199,0.0005370101110742627,0.8254262511889902,0.8253229206537822,0.8261655707454739,0.8253200642127935,0.8255371537279411,0.8255543921057962,0.000315830707932538,2,0.8495491107899202,0.8472904891294645,0.8501083661526266,0.8481774134231207,0.8484973345854058,0.8487245428161077,0.0010002363219835373,0.6130509516310774,0.6159778175274702,0.6115333486703084,0.6111451991980631,0.6160562513980802,0.6135527136849998,0.002110666053818388,15,0.7125739312570316,0.7096215270775108,0.7143291406370083,0.7120754314184164,0.7103648084382403,0.7117929677656415,0.001665932546653213,0.8164875258850212,0.8180899319593729,0.8134799329454689,0.8188541563948328,0.8194458140222858,0.8172714722413964,0.002139760254881195,28,0.9191647766492457,0.9180430923971995,0.9200460999901391,0.918326595010354,0.9182033330046346,0.9187567794103145,0.0007522659103206857,0.5201168378403844,0.5204592148805697,0.5202557290722332,0.5206881686718658,0.5211787671393965,0.5205397435208898,0.0003731968633343235,2,0.5860543890223847,0.5821377906136055,0.5871897039330063,0.5836290568964302,0.5841089617426352,0.5846239804416123,0.0017924989664809693
63.326577472686765,0.5837576201421365,10.52764801979065,0.5098597503708963,1.0,400,5,0.1,0.5,"{'mod__subsample': 1.0, 'mod__n_estimators': 400, 'mod__max_depth': 5, 'mod__learning_rate': 0.1, 'mod__gamma': 0.5}",0.9094361001863018,0.9103505573736483,0.9096295869021922,0.909347397025695,0.9103091592968681,0.9098145601569412,0.00043072259543207965,18,0.9133100301582785,0.9129221279546509,0.913396490305439,0.9135024498992592,0.9129890063531353,0.9132240209341527,0.00022848946743347912,0.7950223801512195,0.7959015784692904,0.795107487874408,0.7952503099238473,0.7950732105825425,0.7952709934002615,0.00032426100075325293,19,0.797492616100044,0.7968900520943053,0.797252819840825,0.7970071660912132,0.796745087817645,0.7970775483888065,0.00026594730547527707,0.5969885223580623,0.5990584747587672,0.5968148583003458,0.5971667234581368,0.6018499286210293,0.5983757014992683,0.0019161711188108441,18,0.6042882207645563,0.6035005381031318,0.6057986085449957,0.606338434916348,0.6041127782156908,0.6048077161089445,0.0010757784450679104,0.8634503500640962,0.8654718469578937,0.8637461788778227,0.8622670348091904,0.866186766591066,0.8642244354600137,0.0014188822205782456,3,0.8711295730204122,0.8711357361206982,0.8722450941721723,0.8732681688196431,0.8719554284587319,0.8719468001183316,0.0007950791122210866,0.49397080600803894,0.49563056767325964,0.49416095455699416,0.49390683028086474,0.49482445392707763,0.49449872248924703,0.0006527317770258927,19,0.49921592450271246,0.49847474423312255,0.499239818685292,0.4992301540044323,0.4985315026595042,0.4989384288170127,0.00035595943146949505
58.450734519958495,0.5984218395310167,6.8767177104949955,0.07518283496903146,0.7,400,3,0.3,0.5,"{'mod__subsample': 0.7, 'mod__n_estimators': 400, 'mod__max_depth': 3, 'mod__learning_rate': 0.3, 'mod__gamma': 0.5}",0.907585700026578,0.9087509002249726,0.9072940360022168,0.9073617716845193,0.9086281331835754,0.9079241082243724,0.0006335565725265291,19,0.9102825585088321,0.9100005370076807,0.9100704039589228,0.9101990457603285,0.910107312225206,0.910131971492194,9.884237081991687e-05,0.7974931945487835,0.7984723753591975,0.7985980587627041,0.7966899561821952,0.7978439583416647,0.797819508638909,0.0006950313195200632,16,0.798961540878527,0.7988574244204106,0.8001785274343108,0.7983761144575087,0.7989459740278289,0.7990639162437172,0.000597069402680654,0.5816807851632033,0.5860671224758087,0.5820860959904716,0.5819811176824728,0.5901049413485208,0.5843840125320955,0.0032840112028971824,19,0.5875759624033738,0.5882653601886645,0.5887910826600535,0.5880278656293618,0.590567534066813,0.5886455609896533,0.0010378148591007716,0.8618479439897446,0.8625628636229169,0.858717089044473,0.8603194951188246,0.8634503500640962,0.8613795483680111,0.0016804910982249764,10,0.8672221674391085,0.8660141997830588,0.8648432107287249,0.8679987180751405,0.8666983039148013,0.8665553199881668,0.0010744912429820248,0.49653801086531973,0.497957731445243,0.49699658995248763,0.49510541100360356,0.4974364800954396,0.4968068446724187,0.0009720218666583824,16,0.4999120698751392,0.4994339800355784,0.5007431249788125,0.4994087078626784,0.49974147075598924,0.4998478707016395,0.00048602308292627726
33.8944287776947,1.6915666244557168,4.862078237533569,0.04625188753067533,0.6,200,3,0.3,0.1,"{'mod__subsample': 0.6, 'mod__n_estimators': 200, 'mod__max_depth': 3, 'mod__learning_rate': 0.3, 'mod__gamma': 0.1}",0.9031650055173963,0.904743690936173,0.9032872595135019,0.9032221128661561,0.9045547453848062,0.9037945628436066,0.0007014441823048998,20,0.9046081049052318,0.9046996002417409,0.904995583338438,0.9048505077760648,0.9049939182163249,0.9048295428955602,0.0001555301114282436,0.7903006966839671,0.791816867855327,0.7897088144056031,0.7904429197397211,0.7901944093736968,0.790492741611663,0.0007065716907643603,20,0.7911356066795016,0.7918570066662144,0.7901838475518533,0.7910115007373183,0.7906044581870896,0.7909584839643955,0.0005598074852545056,0.5685241692677725,0.5764040131892538,0.569343032715815,0.5717093740679974,0.5791298792385493,0.5730220936958776,0.0041044480840262436,21,0.5727706399982042,0.5763081938416968,0.5744563920656902,0.5749424931806372,0.5773357316688851,0.5751626901510227,0.0015686641302976219,0.8611083719554284,0.8607632383394143,0.8618972487920323,0.857730992998718,0.8638201360812543,0.8610639976333694,0.0019744341855472748,11,0.8624765802189133,0.860430430923972,0.8653609111527463,0.8638078098806824,0.8633579035598067,0.863086727147224,0.0016244136632025932,0.48760059466891875,0.48931429292150735,0.4871258986791506,0.48678899467642306,0.48826029401518845,0.48781801499223765,0.0008966200727124476,20,0.48899480402399864,0.48926566344017436,0.48869282240030626,0.489231585487598,0.48861519787372076,0.48896001464515954,0.00026783297437468214
46.79241933822632,0.36262791500227654,6.085903263092041,0.2842360239628197,0.9,300,3,0.2,0.25,"{'mod__subsample': 0.9, 'mod__n_estimators': 300, 'mod__max_depth': 3, 'mod__learning_rate': 0.2, 'mod__gamma': 0.25}",0.9035340779423884,0.9047282741654712,0.9031467641156725,0.9032755753846788,0.9042636556682897,0.9037896694553001,0.000608044199495674,21,0.9050740639382524,0.904554765055357,0.9049486062907665,0.9049331533430833,0.9045623580165734,0.9048145893288065,0.000214697150640575,0.7885582726579393,0.7900887210571117,0.7887804710842479,0.7888518821089675,0.7883034454391207,0.7889165584694774,0.0006165945589477183,21,0.7894274549682078,0.7899896097033231,0.7892255122844728,0.7897846602087343,0.7885135448764412,0.7893881564082359,0.0005122312269551126,0.5718063606195063,0.5767139214356318,0.571577592931898,0.574711567818084,0.5751195185716134,0.5739857922753467,0.0019901819308166787,20,0.5757058650916645,0.576225703055964,0.577108481290187,0.5781631913050611,0.5730754457249587,0.5760557372935671,0.0017078096547888996,0.8628833448377872,0.8623902968149098,0.8613548959668672,0.8581993886204516,0.8665319002070802,0.8622719652894192,0.002681854942825187,6,0.8645350557144266,0.8612871018637215,0.8650897347401637,0.8644734247115669,0.8650774085395918,0.8640925451138941,0.001426586124106274,0.4860477549348386,0.4877205456915602,0.4858682426560056,0.48503594716602577,0.4868016508323408,0.4862948282561542,0.0009074515335593511,21,0.48755530685092435,0.4872826172232537,0.48747588510980416,0.4879615102294984,0.48662984804518084,0.4873810334917323,0.00043595564299008367
37.89903450012207,0.21402947251592033,5.066582775115966,0.11675046745231896,0.8,200,3,0.2,1.0,"{'mod__subsample': 0.8, 'mod__n_estimators': 200, 'mod__max_depth': 3, 'mod__learning_rate': 0.2, 'mod__gamma': 1}",0.899132315150057,0.9008710649116205,0.8988453135706894,0.8992424151750111,0.900225367048417,0.8996632951711592,0.0007619456927960849,22,0.9001978600652921,0.9003285401929424,0.9003846671289875,0.9005833897552116,0.9001214623524998,0.9003231838989867,0.0001599459975610278,0.7827368625513087,0.785461286655279,0.7842958587318545,0.7855955393817519,0.7826334100763812,0.784144591479315,0.0012749264881554891,22,0.7838852453397165,0.7851129543076885,0.7847773227311841,0.786232678375686,0.7826549885920969,0.7845326378692744,0.0012026187649620337,0.562330657588123,0.5660678138120413,0.5616278761591633,0.5614110858590242,0.5665160448835225,0.5635906956603749,0.0022309118153208173,22,0.5653004043304043,0.5647875249651779,0.5664520720864636,0.5643161031380657,0.5636321374204866,0.5648976483881196,0.0009518703103216699,0.8575337737895671,0.860615323932551,0.8554629720934819,0.8543536140420077,0.8634256976629524,0.858278276304112,0.0033418837181200616,13,0.8590375702593432,0.8588526772507642,0.8595799230845085,0.8590622226604872,0.8616383985800217,0.8596341583670248,0.0010308890197276391,0.477714222933304,0.4817597825111953,0.4789086166564309,0.48009309284348767,0.4793048000273701,0.4795561029943576,0.0013430916133550892,22,0.4794746501136045,0.4808427532331304,0.48066444953733223,0.4822079692245954,0.4788122677534805,0.4804004179724286,0.001175745034070907
65.59468255043029,1.1489446175100746,6.946066617965698,0.1993810236450032,0.6,400,3,0.1,0.25,"{'mod__subsample': 0.6, 'mod__n_estimators': 400, 'mod__max_depth': 3, 'mod__learning_rate': 0.1, 'mod__gamma': 0.25}",0.89891958340536,0.9001510056380608,0.8985907779390594,0.8990985990679563,0.9000524848793621,0.8993624901859597,0.0006259702909250297,23,0.9000291008442053,0.8995480946529913,0.9001546496730384,0.9003980586404413,0.899972029079608,0.9000203865780569,0.0002778981158455598,0.7824112292087395,0.7838902441114469,0.7843044280548208,0.7836788674782768,0.7830990099575533,0.7834767557621676,0.0006595304259498837,23,0.7836560159503665,0.7838882561083161,0.7845195291160393,0.7838561211701403,0.7829556287914764,0.7837751102272678,0.0005018480876959559,0.5604084880023755,0.5624598392988189,0.5611839154669638,0.5622622447105009,0.5667055841672896,0.5626040143291897,0.002181627130317235,23,0.563483168247651,0.5616489351037477,0.5659854778168013,0.5645727354875986,0.5640287785690139,0.5639438190449624,0.0014177317104361268,0.8599497091016665,0.8613302435657233,0.8552657528843309,0.857730992998718,0.863302435657233,0.8595158268415343,0.002795264877465519,12,0.8611700029582882,0.8600976235085297,0.8587355783453309,0.86197736909575,0.8618048022877428,0.8607570752391283,0.0012065392362272955,0.4780424966253486,0.4801456694265984,0.47886099187014314,0.4788565687428174,0.4798043460389664,0.47914201454077476,0.0007503864117450438,23,0.4798288508557457,0.4797857473145358,0.48012032728193693,0.4802935449640967,0.47920589853033657,0.47984687378933033,0.0003712687721001697
51.55771150588989,0.9299043509522518,5.964063882827759,0.34012508883160175,0.6,300,3,0.1,0.5,"{'mod__subsample': 0.6, 'mod__n_estimators': 300, 'mod__max_depth': 3, 'mod__learning_rate': 0.1, 'mod__gamma': 0.5}",0.8948398754820115,0.8962790862787182,0.8942626150110791,0.8948081720621932,0.8958980572957236,0.8952175612259451,0.0007499438139626267,24,0.8956400270761995,0.8953915820805267,0.895803978713533,0.8959813190969312,0.8957021605050325,0.8957038134944446,0.00019421757175405065,0.7774524618166342,0.7811880509360557,0.779411344641031,0.7789086110270048,0.7796170083922236,0.7793154953625899,0.0012035788651214533,24,0.7784094479642145,0.7808025879336877,0.7795378995890299,0.7790444497605947,0.7797464196323048,0.7795081609759664,0.000794404317052369,0.550914219097139,0.5542508421151334,0.5505978836126451,0.5515515669026012,0.555383365274801,0.552539575400464,0.0019185247208002426,24,0.5536269428124446,0.5527334443361802,0.5551640905471367,0.5536252720596433,0.5525584315775678,0.5535416362665945,0.0009237419230504015,0.8563751109358051,0.8558574105117839,0.8525293363573612,0.8541317424317129,0.857558426190711,0.8552904052854748,0.0017668051016221898,16,0.8578419288038654,0.8537866088156987,0.8550931860763238,0.8580699635144463,0.8553828517897644,0.8560349078000197,0.001659737439322856,0.4713848575518872,0.47545485048309677,0.4724671935732876,0.4723678380312894,0.4741659567217584,0.47316813927226387,0.0014516603230585868,24,0.47288608639964125,0.4744116599545218,0.4733585688429593,0.4736675580232297,0.4736789115599825,0.47360055695606695,0.0004975023786762791
37.449838161468506,0.5142931140700104,5.013899850845337,0.12802758388332652,0.6,200,3,0.1,1.0,"{'mod__subsample': 0.6, 'mod__n_estimators': 200, 'mod__max_depth': 3, 'mod__learning_rate': 0.1, 'mod__gamma': 1}",0.8856193397213491,0.888042219568297,0.8853152747047193,0.8857180272014977,0.8865617514531782,0.8862513225298082,0.0009862727844944213,25,0.8862489719258703,0.8868813647067397,0.8869468746692606,0.8866925210839194,0.8862984449805824,0.8866136354732743,0.00029026704713042096,0.7670664720483765,0.7688168050136253,0.7686282799083654,0.767739926760853,0.7673743023142885,0.7679251572091018,0.0006876785552682577,25,0.7676785132795941,0.768453488247539,0.7687134241918956,0.7677415208395074,0.7680121684299226,0.7681198229976918,0.00040327439116605014,0.531864797780127,0.5371257721866927,0.5334276693835434,0.5344113614360814,0.5349538565623845,0.5343566914697657,0.001737815822638657,26,0.5338764949431147,0.5352020873862965,0.5376570144984354,0.5364125735645005,0.5320184752546977,0.5350333291294089,0.001961740487275647,0.8448377872004733,0.8533921703973967,0.8437777339512869,0.8494477862143773,0.8518390691253328,0.8486589093777732,0.0037832882734785927,19,0.8461751799625283,0.8503722512572724,0.8465511290799724,0.8535154324031161,0.8497189626269599,0.8492665910659699,0.002698530474311723,0.45666846562327185,0.4610436311331309,0.45802721907744187,0.458738558828424,0.45904601220881186,0.4587047773742161,0.001427828427868079,25,0.4577146438548883,0.4597726428313182,0.45893313865589036,0.4599264718092119,0.4591088681950094,0.4590911530692637,0.0007851427501885312
44.71626935005188,0.6119575699304421,6.901174831390381,0.06719891920274709,1.0,400,3,0.05,0.1,"{'mod__subsample': 1.0, 'mod__n_estimators': 400, 'mod__max_depth': 3, 'mod__learning_rate': 0.05, 'mod__gamma': 0.1}",0.8855043622980672,0.886594512802762,0.8844463140027561,0.8850774658326379,0.8862055856961019,0.8855656481264651,0.0007698141854281988,26,0.8862302446083621,0.8853692681282501,0.8861093959516171,0.8860927663346322,0.8858430170183675,0.8859289384082458,0.00030685607316826283,0.766455195422852,0.7658375370623218,0.7651862685168788,0.7667487417377444,0.7662231565958079,0.766090179867121,0.0005413884039486708,26,0.7670772324514548,0.7652257122351992,0.7653621071950126,0.7666453623928389,0.7671909422320928,0.7663002713013196,0.0008427194401619172,0.5333539553876531,0.5376734530261388,0.5321837845971444,0.5316677777351408,0.5371031931731862,0.5343964327838526,0.0025097228121132784,25,0.5359229151752449,0.5357131739630968,0.5362157510998422,0.5337014780423072,0.5342602247327823,0.5351627086026547,0.0009939312383472323,0.8456759688393649,0.847771422936594,0.8442954343753082,0.8444680011833152,0.847771422936594,0.8459964500542352,0.0015253442867939812,20,0.8457375998422246,0.8448624396016172,0.8478638694408835,0.8479378266443152,0.8474571048220096,0.8467717680702102,0.001243953663943455,0.4562642565954419,0.4562236741733276,0.4545158957140298,0.45622236428533375,0.45663258531403533,0.4559717552164336,0.0007440495187304567,26,0.45694477743147127,0.45472382503528586,0.4557474044086955,0.4571296617786069,0.45756984341697404,0.45642310241420675,0.0010421609560573078
127.76213827133179,1.6223259577140365,11.932679414749146,0.23082197831820322,0.7,500,5,0.01,1.0,"{'mod__subsample': 0.7, 'mod__n_estimators': 500, 'mod__max_depth': 5, 'mod__learning_rate': 0.01, 'mod__gamma': 1}",0.8729490413750105,0.8750477535238097,0.8730438089274479,0.8733696388154298,0.8742695526881173,0.8737359590659629,0.0008047395411898481,27,0.8739293407941834,0.8740201317848326,0.8747480685206523,0.8747957125515238,0.8741058170427174,0.874319814138782,0.00037361874098499,0.7594340835278088,0.7608758990648012,0.7588563952857298,0.7592705792291037,0.7570711196677388,0.7591016153550364,0.0012223102861310116,27,0.7600532440600309,0.7602833587437382,0.7591921990652304,0.7588986999632233,0.7580974688380363,0.7593049941340518,0.0007941020441393586,0.5144272517042556,0.5188561814188133,0.5164431015379335,0.516410751988043,0.5200415194340345,0.517235761216616,0.0019846771062698916,27,0.517524316719511,0.5172197100854274,0.5196044384636499,0.5198897566220617,0.517271568485181,0.5183019580751662,0.0011878761622641364,0.8145646385957992,0.8203333004634651,0.8145892909969431,0.8262252243368504,0.824770732669362,0.8200966374124838,0.0049070689623879745,26,0.8168326595010355,0.8181084212602308,0.8189835815008382,0.8268292081648753,0.8236737008184597,0.820885514249088,0.0037644842134515206,0.4396718628370691,0.4428946002422371,0.4390892117974579,0.443009530355703,0.44033219705444926,0.44099948045738324,0.0016424823671121974,27,0.44099287948359617,0.44161404722774844,0.44075796372706405,0.44280878831437387,0.4410475233442072,0.4414442404193979,0.0007379582834282575
112.52851190567017,1.095516157192375,11.699799203872681,0.21098261762246406,1.0,500,5,0.01,1.0,"{'mod__subsample': 1.0, 'mod__n_estimators': 500, 'mod__max_depth': 5, 'mod__learning_rate': 0.01, 'mod__gamma': 1}",0.8728677975190535,0.8746518840537001,0.8721652619505135,0.8731821352672893,0.8740420354420471,0.8733818228465207,0.0008755631012719281,28,0.8738546627434538,0.8735843221416983,0.8738206352771998,0.8745464268034792,0.8739167599545098,0.8739445613840682,0.0003213181164700523,0.7593055440504789,0.760533126146147,0.7585136223670755,0.7562398953400021,0.7594819558622738,0.7588148287531954,0.0014394035836205314,28,0.760013253886188,0.7596199507978391,0.7590836543851693,0.7557758980822583,0.7603954739724853,0.7589776462247879,0.0016587768272623565,0.5131369005544693,0.5166539555484331,0.514627186115423,0.5155425709784417,0.5199068769527262,0.5159734980298987,0.002279431127164093,28,0.5164858049822356,0.5150743931776742,0.5174317504496104,0.5188570787123644,0.5172200825478649,0.51701382197395,0.001237334961778135,0.8112612168425205,0.8212454393057884,0.8143920717877922,0.8252144758899517,0.818632284784538,0.8181490977221181,0.0049254140227452765,27,0.8126602406074351,0.8184104131742431,0.8182378463662361,0.8258924169214081,0.8181700522630905,0.8186741938664825,0.004213894066620722,0.4385394456289979,0.44281536621028844,0.43867977770547967,0.43962307515513677,0.4409491687470123,0.440121366689383,0.0015982388531228311,28,0.43968975394393295,0.4410236483288747,0.44042236280341157,0.4393567318568548,0.4417479847263471,0.4404480963318842,0.0008703782796585007
89.72748045921325,1.613556135974243,9.943309926986695,0.051768592607914866,1.0,400,5,0.01,0.25,"{'mod__subsample': 1.0, 'mod__n_estimators': 400, 'mod__max_depth': 5, 'mod__learning_rate': 0.01, 'mod__gamma': 0.25}",0.8642482584073337,0.8663673701876168,0.863517645857759,0.8655383897319759,0.8652042325839913,0.8649751793537354,0.000996060699415707,29,0.8652952640504348,0.8651271574116114,0.8652065095286533,0.8668070421054215,0.8649371802356893,0.865474630666362,0.0006766050840082653,0.7463916112280662,0.7468079271950321,0.7448227007078261,0.7460509703330039,0.7457824648800581,0.7459711348687973,0.000669013132013276,29,0.7470635786635283,0.7461325601905244,0.7455669852786277,0.7454727227933117,0.746453909572284,0.7461379512996553,0.0005873969481825617,0.49727892605990465,0.5024655791751518,0.49883993794352294,0.49994183728782016,0.5028826274156023,0.5002817815764004,0.0021328378965858002,29,0.5005046209828007,0.5005613770300574,0.5012886707418907,0.5030473402577605,0.5003951387761919,0.5011594295577403,0.000995137336187693,0.8109160832265062,0.8131594517305986,0.8032738388719062,0.8103244255990534,0.8128636229168721,0.8101074844689873,0.003586374516442403,29,0.8119761364756928,0.8113721526476679,0.8081796666995366,0.8110763238339415,0.8114522729513854,0.8108113105216448,0.0013474403505921795,0.42561119988613794,0.42668926129785456,0.42179389263569406,0.4251054033780813,0.425611833952912,0.42496231823013597,0.0016664119865055925,29,0.42658015133706984,0.425499594377523,0.42399257628225645,0.4247760760453819,0.42583338993301834,0.4253363575950499,0.0008877357598224515
35.07484188079834,0.49492528072784814,4.769366836547851,0.1706023811566943,0.6,200,3,0.05,0.0,"{'mod__subsample': 0.6, 'mod__n_estimators': 200, 'mod__max_depth': 3, 'mod__learning_rate': 0.05, 'mod__gamma': 0}",0.8581807412015239,0.8591573692272115,0.857394975463472,0.8587953018897384,0.8586672680520215,0.8584391311667934,0.000608571514392283,30,0.8589071131737331,0.8577658480398409,0.8591486772425005,0.8596458154652993,0.8581461412108968,0.8587227190264543,0.0006805281333187907,0.7426211198930551,0.7402523951257691,0.7403409447964214,0.7404037864981747,0.7397953645675635,0.7406827221761967,0.0009924300977349084,30,0.7429303085527557,0.7393756538567282,0.7409359836326048,0.7400026422060278,0.7405982097268887,0.7407685595950011,0.0012047426517502817,0.4827939512412496,0.48622429733357286,0.4825091684117825,0.48487049549006017,0.4894035016842768,0.48516028283218837,0.00252384399905747,30,0.4851588377829525,0.48507184114863783,0.4843081608353986,0.48733522203729274,0.4866129519946151,0.48569740275977935,0.0011074344292334693,0.8062074746080268,0.8017453900009861,0.7972586529928015,0.8030026624593235,0.8057390789862933,0.8027906518094863,0.0032282636981918055,30,0.806947046642343,0.7997978503106202,0.8017762055024159,0.8049008973474017,0.8049995069519771,0.8036843013509516,0.0025534568680177687,0.42058761116576965,0.4170075267024837,0.41572665394034053,0.4175302992430797,0.4177883447738109,0.41772808716509696,0.0015965319217207852,30,0.4211047680308756,0.41559755839797086,0.41765749279654557,0.4177288472794849,0.4183165621537141,0.41808104573171817,0.0017702832938817352
